trial,mode,error_mm,offset_detected,corrective_steps
1,open_loop,1.79,,
2,open_loop,1.67,,
3,open_loop,2.24,,
4,open_loop,1.38,,
5,open_loop,1.71,,
6,open_loop,2.77,,
7,open_loop,1.98,,
8,open_loop,2.35,,
9,open_loop,1.77,,
10,open_loop,1.59,,
11,open_loop,1.97,,
12,open_loop,2.19,,
13,open_loop,2.84,,
14,open_loop,2.72,,
15,open_loop,2.13,,
16,open_loop,2.85,,
17,open_loop,2.49,,
18,open_loop,1.97,,
19,open_loop,2.29,,
20,open_loop,2.46,,
21,open_loop,1.66,,
22,open_loop,2.18,,
23,open_loop,1.66,,
24,open_loop,1.59,,
25,open_loop,1.73,,
26,open_loop,1.77,,
27,open_loop,1.57,,
28,open_loop,1.72,,
29,open_loop,1.96,,
30,open_loop,2.04,,
31,open_loop,1.5,,
32,open_loop,2.45,,
33,open_loop,2.07,,
34,open_loop,2.69,,
35,open_loop,2.03,,
36,open_loop,2.32,,
37,open_loop,2.75,,
38,open_loop,2.64,,
39,open_loop,2.23,,
40,open_loop,2.5,,
41,open_loop,2.01,,
42,open_loop,3.0,,
43,open_loop,2.3,,
44,open_loop,1.93,,
45,open_loop,2.58,,
46,open_loop,1.89,,
47,open_loop,2.91,,
48,open_loop,1.77,,
49,open_loop,0.6,,
50,open_loop,1.79,,
1,closed_loop,1.35,1.0,6.0
2,closed_loop,0.88,0.0,0.0
3,closed_loop,0.75,1.0,8.0
4,closed_loop,0.95,0.0,0.0
5,closed_loop,0.82,0.0,0.0
6,closed_loop,0.85,1.0,9.0
7,closed_loop,0.7,1.0,7.0
8,closed_loop,0.71,0.0,0.0
9,closed_loop,0.68,1.0,7.0
10,closed_loop,0.84,0.0,0.0
11,closed_loop,0.78,0.0,0.0
12,closed_loop,0.78,1.0,16.0
13,closed_loop,0.87,1.0,10.0
14,closed_loop,0.76,0.0,0.0
15,closed_loop,0.76,0.0,0.0
16,closed_loop,0.72,0.0,0.0
17,closed_loop,0.93,0.0,0.0
18,closed_loop,0.66,0.0,0.0
19,closed_loop,0.97,0.0,0.0
20,closed_loop,0.76,0.0,0.0
21,closed_loop,0.74,1.0,23.0
22,closed_loop,0.86,0.0,0.0
23,closed_loop,0.88,1.0,16.0
24,closed_loop,0.82,1.0,16.0
25,closed_loop,0.59,0.0,0.0
26,closed_loop,0.65,0.0,0.0
27,closed_loop,0.84,0.0,0.0
28,closed_loop,0.73,0.0,0.0
29,closed_loop,0.95,1.0,15.0
30,closed_loop,0.83,0.0,0.0
31,closed_loop,0.73,1.0,17.0
32,closed_loop,0.97,1.0,20.0
33,closed_loop,0.76,0.0,0.0
34,closed_loop,0.87,0.0,0.0
35,closed_loop,0.98,0.0,0.0
36,closed_loop,0.9,1.0,11.0
37,closed_loop,0.79,0.0,0.0
38,closed_loop,0.25,1.0,17.0
39,closed_loop,0.69,1.0,16.0
40,closed_loop,1.24,1.0,18.0
41,closed_loop,0.81,1.0,19.0
42,closed_loop,0.8,0.0,0.0
43,closed_loop,1.06,1.0,19.0
44,closed_loop,0.86,0.0,0.0
45,closed_loop,0.69,0.0,0.0
46,closed_loop,0.86,0.0,0.0
47,closed_loop,0.76,0.0,0.0
48,closed_loop,0.93,0.0,0.0
49,closed_loop,0.83,0.0,0.0
50,closed_loop,0.82,0.0,0.0
