trial,mode,error_mm
1,open_loop,1.79
2,open_loop,1.67
3,open_loop,2.24
4,open_loop,1.38
5,open_loop,1.71
6,open_loop,2.77
7,open_loop,1.98
8,open_loop,2.35
9,open_loop,1.77
10,open_loop,1.59
11,open_loop,1.97
12,open_loop,2.19
13,open_loop,2.84
14,open_loop,2.72
15,open_loop,2.13
16,open_loop,2.85
17,open_loop,2.49
18,open_loop,1.97
19,open_loop,2.29
20,open_loop,2.46
21,open_loop,1.66
22,open_loop,2.18
23,open_loop,1.66
24,open_loop,1.59
25,open_loop,1.73
26,open_loop,1.77
27,open_loop,1.57
28,open_loop,1.72
29,open_loop,1.96
30,open_loop,2.04
31,open_loop,1.5
32,open_loop,2.45
33,open_loop,2.07
34,open_loop,2.69
35,open_loop,2.03
36,open_loop,2.32
37,open_loop,2.75
38,open_loop,2.64
39,open_loop,2.23
40,open_loop,2.5
41,open_loop,2.01
42,open_loop,3.0
43,open_loop,2.3
44,open_loop,1.93
45,open_loop,2.58
46,open_loop,1.89
47,open_loop,2.91
48,open_loop,1.77
49,open_loop,0.6
50,open_loop,1.79
